not_recom,priority,recommend,spec_prior,unlabeled,very_recom
0,1,0,0,0,0
0,0,0,1,0,0
0,1,0,0,0,0
0,0,0,1,0,0
0,1,0,0,0,0
0,1,0,0,0,0
0,0,0,1,0,0
0,0,0,0,0,1
0,0,0,1,0,0
0,0,0,1,0,0
0,1,0,0,0,0
0,1,0,0,0,0
0,1,0,0,0,0
0,0,0,1,0,0
0,1,0,0,0,0
0,0,0,1,0,0
0,0,0,1,0,0
0,0,0,1,0,0
0,1,0,0,0,0
0,0,0,1,0,0
0,1,0,0,0,0
0,0,0,1,0,0
0,1,0,0,0,0
0,0,0,1,0,0
0,1,0,0,0,0
0,0,0,1,0,0
0,1,0,0,0,0
0,1,0,0,0,0
0,1,0,0,0,0
0,0,0,1,0,0
0,0,0,1,0,0
0,0,0,1,0,0
0,0,0,0,0,1
0,0,0,1,0,0
0,0,0,1,0,0
0,0,0,1,0,0
0,0,0,1,0,0
0,1,0,0,0,0
0,0,0,1,0,0
0,1,0,0,0,0
0,1,0,0,0,0
0,0,0,0,0,1
0,0,0,1,0,0
0,0,0,1,0,0
0,1,0,0,0,0
0,1,0,0,0,0
0,1,0,0,0,0
0,0,0,1,0,0
0,1,0,0,0,0
0,0,0,1,0,0
0,1,0,0,0,0
0,1,0,0,0,0
0,1,0,0,0,0
0,0,0,0,0,1
0,0,0,1,0,0
0,1,0,0,0,0
0,1,0,0,0,0
0,0,0,0,0,1
0,0,0,1,0,0
0,1,0,0,0,0
0,0,0,1,0,0
0,0,0,1,0,0
0,0,0,1,0,0
0,1,0,0,0,0
0,0,0,0,0,1
0,0,0,1,0,0
0,1,0,0,0,0
0,0,0,1,0,0
0,0,0,1,0,0
0,1,0,0,0,0
0,0,0,1,0,0
0,1,0,0,0,0
0,0,0,1,0,0
0,1,0,0,0,0
0,0,0,1,0,0
0,1,0,0,0,0
0,1,0,0,0,0
0,1,0,0,0,0
0,1,0,0,0,0
0,0,0,0,0,1
0,1,0,0,0,0
0,1,0,0,0,0
0,0,0,1,0,0
0,1,0,0,0,0
0,0,0,0,0,1
0,0,0,1,0,0
0,1,0,0,0,0
0,0,0,1,0,0
0,1,0,0,0,0
0,1,0,0,0,0
0,1,0,0,0,0
0,1,0,0,0,0
0,0,0,1,0,0
0,1,0,0,0,0
0,1,0,0,0,0
0,1,0,0,0,0
0,1,0,0,0,0
0,1,0,0,0,0
0,1,0,0,0,0
0,1,0,0,0,0
0,0,0,1,0,0
0,0,0,1,0,0
0,1,0,0,0,0
0,1,0,0,0,0
0,0,0,0,0,1
0,1,0,0,0,0
0,0,0,0,0,1
0,1,0,0,0,0
0,1,0,0,0,0
0,1,0,0,0,0
0,1,0,0,0,0
0,1,0,0,0,0
0,0,0,1,0,0
0,0,0,0,0,1
0,0,0,1,0,0
0,1,0,0,0,0
0,1,0,0,0,0
0,1,0,0,0,0
0,0,0,1,0,0
0,1,0,0,0,0
0,1,0,0,0,0
0,1,0,0,0,0
0,1,0,0,0,0
0,1,0,0,0,0
0,1,0,0,0,0
0,1,0,0,0,0
0,1,0,0,0,0
0,0,0,1,0,0
0,1,0,0,0,0
0,1,0,0,0,0
0,0,0,1,0,0
0,0,0,1,0,0
0,1,0,0,0,0
0,1,0,0,0,0
0,0,0,1,0,0
0,1,0,0,0,0
0,1,0,0,0,0
0,1,0,0,0,0
0,1,0,0,0,0
0,0,0,1,0,0
0,0,0,1,0,0
0,0,0,0,0,1
0,1,0,0,0,0
0,1,0,0,0,0
0,0,0,1,0,0
0,0,0,1,0,0
0,0,0,1,0,0
0,1,0,0,0,0
0,0,0,0,0,1
0,1,0,0,0,0
0,1,0,0,0,0
0,1,0,0,0,0
0,0,0,1,0,0
0,1,0,0,0,0
0,1,0,0,0,0
0,1,0,0,0,0
0,1,0,0,0,0
0,0,0,1,0,0
0,1,0,0,0,0
0,0,0,1,0,0
0,0,0,1,0,0
0,1,0,0,0,0
0,1,0,0,0,0
0,1,0,0,0,0
0,1,0,0,0,0
0,1,0,0,0,0
0,0,0,1,0,0
0,1,0,0,0,0
0,0,0,1,0,0
0,1,0,0,0,0
0,1,0,0,0,0
0,1,0,0,0,0
0,1,0,0,0,0
0,0,0,1,0,0
0,0,0,1,0,0
0,1,0,0,0,0
0,0,0,0,0,1
0,1,0,0,0,0
0,0,0,1,0,0
0,1,0,0,0,0
0,0,0,1,0,0
0,1,0,0,0,0
0,0,0,0,0,1
0,1,0,0,0,0
0,0,0,1,0,0
0,1,0,0,0,0
0,1,0,0,0,0
0,0,0,1,0,0
0,0,0,1,0,0
0,1,0,0,0,0
0,1,0,0,0,0
0,1,0,0,0,0
0,1,0,0,0,0
0,1,0,0,0,0
0,0,0,1,0,0
0,0,0,1,0,0
0,1,0,0,0,0
0,1,0,0,0,0
0,1,0,0,0,0
0,1,0,0,0,0
0,1,0,0,0,0
0,0,0,1,0,0
0,0,0,1,0,0
0,1,0,0,0,0
0,0,0,1,0,0
0,1,0,0,0,0
0,0,0,1,0,0
0,0,0,1,0,0
0,0,0,1,0,0
0,1,0,0,0,0
0,1,0,0,0,0
0,0,0,1,0,0
0,0,0,1,0,0
0,1,0,0,0,0
0,1,0,0,0,0
0,0,0,1,0,0
0,1,0,0,0,0
0,0,0,1,0,0
0,1,0,0,0,0
0,1,0,0,0,0
0,0,0,1,0,0
0,0,0,1,0,0
0,0,0,0,0,1
0,0,0,0,0,1
0,0,0,0,0,1
0,1,0,0,0,0
0,1,0,0,0,0
0,1,0,0,0,0
0,1,0,0,0,0
0,1,0,0,0,0
0,0,0,1,0,0
0,0,0,1,0,0
0,1,0,0,0,0
0,1,0,0,0,0
0,0,0,1,0,0
0,1,0,0,0,0
0,0,0,1,0,0
0,1,0,0,0,0
0,0,0,1,0,0
0,0,0,1,0,0
0,1,0,0,0,0
0,0,0,1,0,0
0,0,0,0,0,1
0,1,0,0,0,0
0,1,0,0,0,0
0,0,0,1,0,0
0,0,0,1,0,0
0,0,0,1,0,0
0,0,0,1,0,0
0,1,0,0,0,0
0,0,0,0,0,1
0,0,0,1,0,0
0,0,0,1,0,0
0,0,0,1,0,0
0,0,0,1,0,0
0,0,0,1,0,0
0,1,0,0,0,0
0,1,0,0,0,0
0,0,0,1,0,0
0,1,0,0,0,0
0,0,0,1,0,0
0,0,0,1,0,0
0,0,0,1,0,0
0,1,0,0,0,0
0,0,0,1,0,0
0,1,0,0,0,0
0,0,0,0,0,1
0,1,0,0,0,0
0,1,0,0,0,0
0,0,0,1,0,0
0,1,0,0,0,0
0,0,0,1,0,0
0,1,0,0,0,0
0,0,0,1,0,0
0,0,0,1,0,0
0,0,0,1,0,0
0,1,0,0,0,0
0,0,0,0,0,1
0,1,0,0,0,0
0,1,0,0,0,0
0,1,0,0,0,0
0,0,0,0,0,1
0,0,0,1,0,0
0,1,0,0,0,0
0,1,0,0,0,0
0,0,0,1,0,0
0,0,0,1,0,0
0,1,0,0,0,0
0,1,0,0,0,0
0,1,0,0,0,0
0,1,0,0,0,0
0,1,0,0,0,0
0,1,0,0,0,0
0,0,0,1,0,0
0,1,0,0,0,0
0,0,0,1,0,0
0,1,0,0,0,0
0,0,0,0,0,1
0,0,0,0,0,1
0,0,0,1,0,0
0,1,0,0,0,0
0,0,0,1,0,0
0,1,0,0,0,0
0,1,0,0,0,0
0,0,0,1,0,0
0,0,0,1,0,0
0,1,0,0,0,0
0,0,0,0,0,1
0,1,0,0,0,0
0,0,0,1,0,0
0,1,0,0,0,0
0,0,0,1,0,0
0,1,0,0,0,0
0,1,0,0,0,0
0,0,0,1,0,0
0,1,0,0,0,0
0,0,0,1,0,0
0,1,0,0,0,0
0,1,0,0,0,0
0,1,0,0,0,0
0,1,0,0,0,0
0,0,0,1,0,0
0,1,0,0,0,0
0,0,0,1,0,0
0,1,0,0,0,0
0,0,0,1,0,0
0,1,0,0,0,0
0,1,0,0,0,0
0,0,0,0,0,1
0,1,0,0,0,0
0,0,0,1,0,0
0,0,0,1,0,0
0,0,0,1,0,0
0,0,0,1,0,0
0,0,0,1,0,0
0,0,0,1,0,0
0,1,0,0,0,0
0,0,0,1,0,0
0,1,0,0,0,0
0,0,0,1,0,0
0,1,0,0,0,0
0,1,0,0,0,0
0,0,0,1,0,0
0,0,0,1,0,0
0,1,0,0,0,0
0,0,0,1,0,0
0,1,0,0,0,0
0,1,0,0,0,0
0,1,0,0,0,0
0,0,0,0,0,1
0,0,0,1,0,0
0,1,0,0,0,0
0,0,0,1,0,0
0,1,0,0,0,0
0,1,0,0,0,0
0,0,0,1,0,0
0,0,0,1,0,0
0,0,0,1,0,0
0,0,0,1,0,0
0,0,0,1,0,0
0,0,0,1,0,0
0,1,0,0,0,0
0,0,0,1,0,0
0,1,0,0,0,0
0,0,0,1,0,0
0,0,0,1,0,0
0,0,0,1,0,0
0,0,0,1,0,0
0,1,0,0,0,0
0,1,0,0,0,0
0,1,0,0,0,0
0,0,0,1,0,0
0,0,0,1,0,0
0,1,0,0,0,0
0,0,0,1,0,0
0,1,0,0,0,0
0,1,0,0,0,0
0,1,0,0,0,0
0,0,0,0,0,1
0,1,0,0,0,0
0,1,0,0,0,0
0,1,0,0,0,0
0,0,0,0,0,1
0,1,0,0,0,0
0,1,0,0,0,0
0,0,0,0,0,1
0,0,0,1,0,0
0,0,0,1,0,0
0,0,0,1,0,0
0,0,0,1,0,0
0,0,0,1,0,0
0,0,0,1,0,0
0,1,0,0,0,0
0,0,0,1,0,0
0,1,0,0,0,0
0,0,0,0,0,1
0,0,0,1,0,0
0,1,0,0,0,0
0,0,0,1,0,0
0,0,0,1,0,0
0,1,0,0,0,0
0,1,0,0,0,0
0,0,0,1,0,0
0,0,0,1,0,0
0,0,0,1,0,0
0,1,0,0,0,0
0,0,0,1,0,0
0,0,0,1,0,0
0,0,0,1,0,0
0,0,0,1,0,0
0,0,0,1,0,0
0,0,0,0,0,1
0,0,0,1,0,0
0,0,0,0,0,1
0,1,0,0,0,0
0,1,0,0,0,0
0,0,0,1,0,0
0,1,0,0,0,0
0,0,0,1,0,0
0,1,0,0,0,0
0,1,0,0,0,0
0,1,0,0,0,0
0,1,0,0,0,0
0,1,0,0,0,0
0,1,0,0,0,0
0,0,0,1,0,0
0,1,0,0,0,0
0,1,0,0,0,0
0,0,0,1,0,0
0,1,0,0,0,0
0,0,0,1,0,0
0,1,0,0,0,0
0,1,0,0,0,0
0,1,0,0,0,0
0,0,0,0,0,1
0,1,0,0,0,0
0,0,0,1,0,0
0,1,0,0,0,0
0,0,0,1,0,0
0,0,0,1,0,0
0,1,0,0,0,0
0,1,0,0,0,0
0,1,0,0,0,0
0,1,0,0,0,0
0,0,0,1,0,0
0,1,0,0,0,0
0,0,0,1,0,0
0,1,0,0,0,0
0,0,0,1,0,0
0,0,0,1,0,0
0,0,0,1,0,0
0,1,0,0,0,0
0,1,0,0,0,0
0,1,0,0,0,0
0,0,0,1,0,0
0,0,0,1,0,0
0,1,0,0,0,0
0,1,0,0,0,0
0,0,0,1,0,0
0,1,0,0,0,0
0,0,0,0,0,1
0,0,0,1,0,0
0,1,0,0,0,0
0,0,0,1,0,0
0,1,0,0,0,0
0,1,0,0,0,0
0,0,0,0,0,1
0,0,0,1,0,0
0,1,0,0,0,0
0,1,0,0,0,0
0,1,0,0,0,0
0,0,0,1,0,0
0,1,0,0,0,0
0,1,0,0,0,0
0,1,0,0,0,0
0,1,0,0,0,0
0,0,0,1,0,0
0,1,0,0,0,0
0,1,0,0,0,0
0,0,0,1,0,0
0,0,0,1,0,0
0,0,0,0,0,1
0,1,0,0,0,0
0,1,0,0,0,0
0,0,0,0,0,1
0,0,0,1,0,0
0,1,0,0,0,0
0,1,0,0,0,0
0,1,0,0,0,0
0,1,0,0,0,0
0,1,0,0,0,0
0,1,0,0,0,0
0,0,0,1,0,0
0,1,0,0,0,0
0,1,0,0,0,0
0,1,0,0,0,0
0,1,0,0,0,0
0,1,0,0,0,0
0,0,0,1,0,0
0,0,0,1,0,0
0,1,0,0,0,0
0,1,0,0,0,0
0,0,0,1,0,0
0,1,0,0,0,0
0,1,0,0,0,0
0,0,0,1,0,0
0,1,0,0,0,0
0,1,0,0,0,0
0,0,0,1,0,0
0,1,0,0,0,0
0,0,0,1,0,0
0,1,0,0,0,0
0,1,0,0,0,0
0,1,0,0,0,0
0,0,0,1,0,0
0,0,0,0,0,1
0,1,0,0,0,0
0,1,0,0,0,0
0,0,0,1,0,0
0,0,0,1,0,0
0,1,0,0,0,0
0,1,0,0,0,0
0,1,0,0,0,0
0,1,0,0,0,0
0,0,0,1,0,0
0,1,0,0,0,0
0,0,0,1,0,0
0,0,0,0,0,1
0,0,0,1,0,0
0,1,0,0,0,0
0,0,0,0,0,1
0,1,0,0,0,0
0,1,0,0,0,0
0,0,0,0,0,1
0,1,0,0,0,0
0,0,0,1,0,0
0,0,0,1,0,0
0,0,0,1,0,0
0,1,0,0,0,0
0,0,0,0,0,1
0,1,0,0,0,0
0,1,0,0,0,0
0,1,0,0,0,0
0,1,0,0,0,0
0,1,0,0,0,0
0,1,0,0,0,0
0,0,0,1,0,0
0,1,0,0,0,0
0,1,0,0,0,0
0,1,0,0,0,0
0,0,0,1,0,0
0,1,0,0,0,0
0,0,0,0,0,1
0,1,0,0,0,0
0,1,0,0,0,0
0,0,0,1,0,0
0,1,0,0,0,0
0,0,0,1,0,0
0,0,0,1,0,0
0,0,0,1,0,0
0,0,0,1,0,0
0,1,0,0,0,0
0,1,0,0,0,0
0,0,0,1,0,0
0,1,0,0,0,0
0,0,0,1,0,0
0,1,0,0,0,0
0,0,0,1,0,0
0,1,0,0,0,0
0,1,0,0,0,0
0,1,0,0,0,0
0,1,0,0,0,0
0,0,0,1,0,0
0,0,0,1,0,0
0,0,0,1,0,0
0,1,0,0,0,0
0,0,0,1,0,0
0,1,0,0,0,0
0,0,0,1,0,0
0,0,0,0,0,1
0,1,0,0,0,0
0,1,0,0,0,0
0,1,0,0,0,0
0,1,0,0,0,0
0,0,0,1,0,0
0,0,0,1,0,0
0,1,0,0,0,0
0,1,0,0,0,0
0,1,0,0,0,0
0,1,0,0,0,0
0,0,0,1,0,0
0,0,0,1,0,0
0,0,0,0,0,1
0,0,0,1,0,0
0,1,0,0,0,0
0,0,0,1,0,0
0,1,0,0,0,0
0,0,0,1,0,0
0,0,0,1,0,0
0,1,0,0,0,0
0,1,0,0,0,0
0,1,0,0,0,0
0,1,0,0,0,0
0,0,0,1,0,0
0,1,0,0,0,0
0,0,0,1,0,0
0,1,0,0,0,0
0,1,0,0,0,0
0,1,0,0,0,0
0,0,0,0,0,1
0,1,0,0,0,0
0,0,0,0,0,1
0,1,0,0,0,0
0,0,0,0,0,1
0,0,0,1,0,0
0,0,0,1,0,0
0,1,0,0,0,0
0,0,0,1,0,0
0,1,0,0,0,0
0,0,0,1,0,0
0,1,0,0,0,0
0,0,0,1,0,0
0,1,0,0,0,0
0,0,0,1,0,0
0,1,0,0,0,0
0,0,0,1,0,0
0,1,0,0,0,0
0,0,0,1,0,0
0,0,0,1,0,0
0,0,0,1,0,0
0,1,0,0,0,0
0,0,0,0,0,1
0,1,0,0,0,0
0,0,0,1,0,0
0,0,0,1,0,0
0,1,0,0,0,0
0,0,0,1,0,0
0,1,0,0,0,0
0,1,0,0,0,0
0,0,0,0,0,1
0,0,0,1,0,0
0,0,0,1,0,0
0,1,0,0,0,0
0,1,0,0,0,0
0,0,0,1,0,0
0,0,0,1,0,0
0,0,0,1,0,0
0,0,0,1,0,0
0,1,0,0,0,0
0,1,0,0,0,0
0,0,0,1,0,0
0,0,0,1,0,0
0,0,0,1,0,0
0,1,0,0,0,0
0,1,0,0,0,0
0,1,0,0,0,0
0,0,0,1,0,0
0,0,0,1,0,0
0,0,0,1,0,0
0,0,0,1,0,0
0,0,0,1,0,0
0,0,0,1,0,0
0,0,0,1,0,0
0,0,0,1,0,0
0,1,0,0,0,0
0,1,0,0,0,0
0,0,0,1,0,0
0,0,0,1,0,0
0,0,0,1,0,0
0,0,0,1,0,0
0,1,0,0,0,0
0,1,0,0,0,0
0,0,0,1,0,0
0,0,0,0,0,1
0,1,0,0,0,0
0,1,0,0,0,0
0,1,0,0,0,0
0,0,0,1,0,0
0,1,0,0,0,0
0,0,0,1,0,0
0,0,0,1,0,0
0,1,0,0,0,0
0,1,0,0,0,0
0,0,0,1,0,0
0,1,0,0,0,0
0,0,0,1,0,0
0,1,0,0,0,0
0,0,0,1,0,0
0,0,0,1,0,0
0,1,0,0,0,0
0,1,0,0,0,0
0,0,0,1,0,0
0,0,0,1,0,0
0,1,0,0,0,0
0,0,0,0,0,1
0,0,0,1,0,0
0,0,0,1,0,0
0,0,0,1,0,0
0,0,0,1,0,0
0,0,0,1,0,0
0,1,0,0,0,0
0,0,0,1,0,0
0,1,0,0,0,0
0,0,0,1,0,0
0,1,0,0,0,0
0,1,0,0,0,0
0,0,0,1,0,0
0,0,0,1,0,0
0,1,0,0,0,0
0,1,0,0,0,0
0,0,0,1,0,0
0,0,0,1,0,0
0,0,0,1,0,0
0,1,0,0,0,0
0,1,0,0,0,0
0,1,0,0,0,0
0,0,0,0,0,1
0,0,0,1,0,0
0,0,0,0,0,1
0,0,0,1,0,0
0,0,0,1,0,0
0,1,0,0,0,0
0,1,0,0,0,0
0,0,0,1,0,0
0,0,0,0,0,1
0,1,0,0,0,0
0,1,0,0,0,0
0,0,0,1,0,0
0,0,0,0,0,1
0,1,0,0,0,0
0,0,0,1,0,0
0,0,0,1,0,0
0,0,0,1,0,0
0,1,0,0,0,0
0,0,0,1,0,0
0,1,0,0,0,0
0,1,0,0,0,0
0,0,0,1,0,0
0,1,0,0,0,0
0,1,0,0,0,0
0,1,0,0,0,0
0,1,0,0,0,0
0,1,0,0,0,0
0,1,0,0,0,0
0,0,0,1,0,0
0,0,0,1,0,0
0,1,0,0,0,0
0,0,0,0,0,1
0,0,0,1,0,0
0,0,0,1,0,0
0,0,0,1,0,0
0,0,0,1,0,0
0,0,0,1,0,0
0,0,0,1,0,0
0,0,0,1,0,0
0,1,0,0,0,0
0,0,0,1,0,0
0,1,0,0,0,0
0,0,0,1,0,0
0,1,0,0,0,0
0,1,0,0,0,0
0,0,0,1,0,0
0,1,0,0,0,0
0,0,0,1,0,0
0,1,0,0,0,0
0,1,0,0,0,0
0,1,0,0,0,0
0,1,0,0,0,0
0,0,0,0,0,1
0,1,0,0,0,0
0,0,0,1,0,0
0,1,0,0,0,0
0,0,0,1,0,0
0,0,0,1,0,0
0,0,0,1,0,0
0,1,0,0,0,0
0,1,0,0,0,0
0,0,0,0,0,1
0,1,0,0,0,0
0,1,0,0,0,0
0,1,0,0,0,0
0,1,0,0,0,0
0,1,0,0,0,0
0,1,0,0,0,0
0,0,0,1,0,0
0,1,0,0,0,0
0,1,0,0,0,0
0,1,0,0,0,0
0,1,0,0,0,0
0,0,0,1,0,0
0,1,0,0,0,0
0,1,0,0,0,0
0,1,0,0,0,0
0,1,0,0,0,0
0,0,0,1,0,0
0,0,0,1,0,0
0,0,0,0,0,1
0,0,0,1,0,0
0,1,0,0,0,0
0,0,0,1,0,0
0,0,0,0,0,1
0,1,0,0,0,0
0,1,0,0,0,0
0,1,0,0,0,0
0,0,0,1,0,0
0,0,0,1,0,0
0,1,0,0,0,0
0,1,0,0,0,0
0,1,0,0,0,0
0,0,0,1,0,0
0,1,0,0,0,0
0,1,0,0,0,0
0,0,0,0,0,1
0,0,0,1,0,0
0,0,0,1,0,0
0,0,0,1,0,0
0,1,0,0,0,0
0,0,0,1,0,0
0,1,0,0,0,0
0,1,0,0,0,0
0,0,0,1,0,0
0,1,0,0,0,0
0,1,0,0,0,0
0,1,0,0,0,0
0,1,0,0,0,0
0,1,0,0,0,0
0,1,0,0,0,0
0,0,0,1,0,0
0,1,0,0,0,0
0,0,0,1,0,0
0,1,0,0,0,0
0,1,0,0,0,0
0,0,0,1,0,0
0,0,0,1,0,0
0,1,0,0,0,0
0,1,0,0,0,0
0,0,0,1,0,0
0,0,0,1,0,0
0,1,0,0,0,0
0,1,0,0,0,0
0,1,0,0,0,0
0,0,0,1,0,0
0,0,0,0,0,1
0,0,0,1,0,0
0,0,0,1,0,0
0,0,0,1,0,0
0,1,0,0,0,0
0,1,0,0,0,0
0,0,0,1,0,0
0,0,0,1,0,0
0,1,0,0,0,0
0,1,0,0,0,0
0,1,0,0,0,0
0,0,0,1,0,0
0,1,0,0,0,0
0,1,0,0,0,0
0,1,0,0,0,0
0,0,0,1,0,0
0,0,0,1,0,0
0,1,0,0,0,0
0,0,0,1,0,0
0,0,0,0,0,1
0,1,0,0,0,0
0,0,0,1,0,0
0,1,0,0,0,0
0,0,0,1,0,0
0,1,0,0,0,0
0,0,0,0,0,1
0,0,0,1,0,0
0,0,0,1,0,0
0,1,0,0,0,0
0,1,0,0,0,0
0,1,0,0,0,0
0,0,0,1,0,0
0,1,0,0,0,0
0,0,0,0,0,1
0,1,0,0,0,0
0,0,0,1,0,0
0,1,0,0,0,0
0,1,0,0,0,0
0,0,0,1,0,0
0,1,0,0,0,0
0,1,0,0,0,0
0,1,0,0,0,0
0,0,0,1,0,0
0,0,0,0,0,1
0,1,0,0,0,0
0,1,0,0,0,0
0,1,0,0,0,0
0,1,0,0,0,0
0,1,0,0,0,0
0,1,0,0,0,0
0,0,0,1,0,0
0,1,0,0,0,0
0,1,0,0,0,0
0,0,0,1,0,0
0,1,0,0,0,0
0,0,0,1,0,0
0,0,0,1,0,0
0,1,0,0,0,0
0,1,0,0,0,0
0,1,0,0,0,0
0,1,0,0,0,0
0,1,0,0,0,0
0,0,0,0,0,1
0,0,0,1,0,0
0,1,0,0,0,0
0,1,0,0,0,0
0,1,0,0,0,0
0,1,0,0,0,0
0,1,0,0,0,0
0,0,0,1,0,0
0,1,0,0,0,0
0,0,0,1,0,0
0,0,0,1,0,0
0,0,0,1,0,0
0,1,0,0,0,0
0,0,0,1,0,0
0,1,0,0,0,0
0,1,0,0,0,0
0,1,0,0,0,0
0,1,0,0,0,0
0,0,0,1,0,0
0,1,0,0,0,0
0,1,0,0,0,0
0,1,0,0,0,0
0,1,0,0,0,0
0,0,0,1,0,0
0,0,0,1,0,0
0,1,0,0,0,0
0,1,0,0,0,0
0,0,0,1,0,0
0,0,0,1,0,0
0,0,0,1,0,0
0,1,0,0,0,0
0,0,0,1,0,0
0,1,0,0,0,0
0,0,0,0,0,1
0,1,0,0,0,0
0,0,0,1,0,0
0,0,0,1,0,0
0,1,0,0,0,0
0,1,0,0,0,0
0,0,0,1,0,0
0,0,0,1,0,0
0,1,0,0,0,0
0,0,0,1,0,0
0,1,0,0,0,0
0,1,0,0,0,0
0,0,0,1,0,0
0,0,0,0,0,1
0,0,0,0,0,1
0,0,0,1,0,0
0,1,0,0,0,0
0,0,0,0,0,1
0,1,0,0,0,0
0,0,0,1,0,0
0,0,0,0,0,1
0,1,0,0,0,0
0,0,0,1,0,0
0,0,0,1,0,0
0,0,0,1,0,0
0,0,0,0,0,1
0,0,0,1,0,0
0,0,0,0,0,1
0,0,0,1,0,0
0,0,0,1,0,0
0,0,0,1,0,0
0,0,0,1,0,0
0,1,0,0,0,0
0,1,0,0,0,0
0,1,0,0,0,0
0,0,0,0,0,1
0,0,0,0,0,1
0,0,0,1,0,0
0,0,0,1,0,0
0,0,0,1,0,0
0,1,0,0,0,0
0,1,0,0,0,0
0,1,0,0,0,0
0,0,0,1,0,0
0,1,0,0,0,0
0,1,0,0,0,0
0,1,0,0,0,0
0,1,0,0,0,0
0,1,0,0,0,0
0,0,0,1,0,0
0,1,0,0,0,0
0,1,0,0,0,0
0,1,0,0,0,0
0,0,0,1,0,0
0,0,0,1,0,0
0,0,0,1,0,0
0,1,0,0,0,0
0,1,0,0,0,0
0,0,0,1,0,0
0,0,0,0,0,1
0,0,0,1,0,0
0,1,0,0,0,0
0,1,0,0,0,0
0,0,0,1,0,0
0,1,0,0,0,0
0,0,0,0,0,1
0,1,0,0,0,0
0,1,0,0,0,0
0,0,0,1,0,0
0,0,0,1,0,0
0,0,0,1,0,0
0,1,0,0,0,0
0,0,0,1,0,0
0,0,0,1,0,0
0,0,0,1,0,0
0,1,0,0,0,0
0,0,0,1,0,0
0,0,0,1,0,0
0,1,0,0,0,0
0,0,0,0,0,1
0,1,0,0,0,0
0,0,0,1,0,0
0,0,0,1,0,0
0,0,0,1,0,0
0,1,0,0,0,0
0,1,0,0,0,0
0,0,0,1,0,0
0,1,0,0,0,0
0,1,0,0,0,0
0,0,0,0,0,1
0,1,0,0,0,0
0,1,0,0,0,0
0,0,0,1,0,0
0,0,0,1,0,0
0,0,0,1,0,0
0,0,0,0,0,1
0,0,0,1,0,0
0,0,0,1,0,0
0,1,0,0,0,0
0,1,0,0,0,0
0,0,0,0,0,1
0,0,0,0,0,1
0,1,0,0,0,0
0,0,0,1,0,0
0,0,0,1,0,0
0,0,0,1,0,0
0,0,0,1,0,0
0,0,0,1,0,0
0,1,0,0,0,0
0,0,0,1,0,0
0,1,0,0,0,0
0,0,0,1,0,0
0,1,0,0,0,0
0,0,0,1,0,0
0,0,0,1,0,0
0,0,0,1,0,0
0,1,0,0,0,0
0,0,0,0,0,1
0,1,0,0,0,0
0,0,0,1,0,0
0,0,0,1,0,0
0,0,0,1,0,0
0,0,0,1,0,0
0,0,0,1,0,0
0,1,0,0,0,0
0,1,0,0,0,0
0,0,0,1,0,0
0,1,0,0,0,0
0,0,0,1,0,0
0,0,0,1,0,0
0,0,0,1,0,0
0,1,0,0,0,0
0,1,0,0,0,0
0,0,0,1,0,0
0,0,0,1,0,0
0,1,0,0,0,0
0,1,0,0,0,0
0,1,0,0,0,0
0,1,0,0,0,0
0,1,0,0,0,0
0,1,0,0,0,0
0,0,0,1,0,0
0,0,0,1,0,0
0,1,0,0,0,0
0,0,0,1,0,0
0,1,0,0,0,0
0,1,0,0,0,0
0,0,0,1,0,0
0,0,0,1,0,0
0,1,0,0,0,0
0,0,0,1,0,0
0,0,0,1,0,0
0,1,0,0,0,0
0,1,0,0,0,0
0,1,0,0,0,0
0,0,0,1,0,0
0,0,0,1,0,0
0,0,0,1,0,0
0,0,0,1,0,0
0,1,0,0,0,0
0,1,0,0,0,0
0,1,0,0,0,0
0,1,0,0,0,0
0,1,0,0,0,0
0,1,0,0,0,0
0,1,0,0,0,0
0,1,0,0,0,0
0,0,0,1,0,0
0,1,0,0,0,0
0,1,0,0,0,0
0,1,0,0,0,0
0,0,0,1,0,0
0,0,0,1,0,0
0,0,0,1,0,0
0,1,0,0,0,0
0,1,0,0,0,0
0,1,0,0,0,0
0,1,0,0,0,0
0,1,0,0,0,0
0,0,0,1,0,0
0,0,0,0,0,1
0,1,0,0,0,0
0,0,0,0,0,1
0,1,0,0,0,0
0,1,0,0,0,0
0,0,0,1,0,0
0,1,0,0,0,0
0,0,0,1,0,0
0,1,0,0,0,0
0,0,0,1,0,0
0,1,0,0,0,0
0,0,0,1,0,0
0,1,0,0,0,0
0,1,0,0,0,0
0,0,0,0,0,1
0,1,0,0,0,0
0,1,0,0,0,0
0,1,0,0,0,0
0,0,0,1,0,0
0,0,0,1,0,0
0,1,0,0,0,0
0,0,0,1,0,0
0,0,0,1,0,0
0,1,0,0,0,0
0,0,0,1,0,0
0,0,0,1,0,0
0,0,0,1,0,0
0,1,0,0,0,0
0,0,0,1,0,0
0,1,0,0,0,0
0,1,0,0,0,0
0,1,0,0,0,0
0,1,0,0,0,0
0,0,0,1,0,0
0,0,0,1,0,0
0,0,0,1,0,0
0,1,0,0,0,0
0,1,0,0,0,0
0,1,0,0,0,0
0,1,0,0,0,0
0,0,0,0,0,1
0,0,0,1,0,0
0,0,0,1,0,0
0,0,0,0,0,1
0,0,0,1,0,0
0,0,0,1,0,0
0,1,0,0,0,0
0,0,0,1,0,0
0,0,0,0,0,1
0,1,0,0,0,0
0,0,0,1,0,0
0,1,0,0,0,0
0,1,0,0,0,0
0,1,0,0,0,0
0,1,0,0,0,0
0,1,0,0,0,0
0,0,0,0,0,1
0,0,0,1,0,0
0,0,0,0,0,1
0,1,0,0,0,0
0,0,0,1,0,0
0,1,0,0,0,0
0,1,0,0,0,0
0,1,0,0,0,0
0,1,0,0,0,0
0,1,0,0,0,0
0,1,0,0,0,0
0,0,0,0,0,1
0,1,0,0,0,0
0,1,0,0,0,0
0,0,0,1,0,0
0,1,0,0,0,0
0,0,0,0,0,1
0,1,0,0,0,0
0,1,0,0,0,0
0,0,0,1,0,0
0,1,0,0,0,0
0,1,0,0,0,0
0,0,0,1,0,0
0,0,0,1,0,0
0,1,0,0,0,0
0,0,0,1,0,0
0,0,0,1,0,0
0,1,0,0,0,0
0,0,0,1,0,0
0,0,0,1,0,0
0,0,0,1,0,0
0,0,0,1,0,0
0,0,0,1,0,0
0,1,0,0,0,0
0,1,0,0,0,0
0,1,0,0,0,0
0,0,0,0,0,1
0,1,0,0,0,0
0,1,0,0,0,0
0,0,0,1,0,0
0,1,0,0,0,0
0,1,0,0,0,0
0,0,0,0,0,1
0,0,0,0,0,1
0,0,0,1,0,0
0,0,0,1,0,0
0,0,0,0,0,1
0,1,0,0,0,0
0,1,0,0,0,0
0,1,0,0,0,0
0,0,0,0,0,1
0,0,0,1,0,0
0,1,0,0,0,0
0,0,0,1,0,0
0,0,0,1,0,0
0,0,0,1,0,0
0,0,0,1,0,0
0,1,0,0,0,0
0,1,0,0,0,0
0,1,0,0,0,0
0,1,0,0,0,0
0,0,0,1,0,0
0,0,0,1,0,0
0,1,0,0,0,0
0,0,0,1,0,0
0,1,0,0,0,0
0,0,0,1,0,0
0,0,0,1,0,0
0,0,0,1,0,0
0,0,0,1,0,0
0,0,0,1,0,0
0,0,0,1,0,0
0,1,0,0,0,0
0,0,0,1,0,0
0,1,0,0,0,0
0,1,0,0,0,0
0,0,0,1,0,0
0,1,0,0,0,0
0,1,0,0,0,0
0,1,0,0,0,0
0,0,0,1,0,0
0,0,0,1,0,0
0,0,0,1,0,0
0,0,0,1,0,0
0,1,0,0,0,0
0,0,0,1,0,0
0,1,0,0,0,0
0,1,0,0,0,0
0,1,0,0,0,0
0,0,0,1,0,0
0,1,0,0,0,0
0,0,0,0,0,1
0,0,0,1,0,0
0,0,0,1,0,0
0,1,0,0,0,0
0,1,0,0,0,0
0,1,0,0,0,0
0,1,0,0,0,0
0,0,0,1,0,0
0,0,0,1,0,0
0,0,0,1,0,0
0,0,0,1,0,0
0,0,0,0,0,1
0,1,0,0,0,0
0,1,0,0,0,0
0,0,0,1,0,0
0,1,0,0,0,0
0,1,0,0,0,0
0,0,0,1,0,0
0,1,0,0,0,0
0,0,0,0,0,1
0,0,0,1,0,0
0,1,0,0,0,0
0,1,0,0,0,0
0,1,0,0,0,0
0,1,0,0,0,0
0,0,0,1,0,0
0,0,0,1,0,0
0,0,0,0,0,1
0,0,0,1,0,0
0,1,0,0,0,0
0,0,0,1,0,0
0,0,0,1,0,0
0,0,0,1,0,0
0,1,0,0,0,0
0,1,0,0,0,0
0,0,0,1,0,0
0,0,0,1,0,0
0,0,0,1,0,0
0,0,0,1,0,0
0,0,0,1,0,0
0,1,0,0,0,0
0,1,0,0,0,0
0,1,0,0,0,0
0,1,0,0,0,0
0,1,0,0,0,0
0,0,0,1,0,0
0,0,0,1,0,0
0,0,0,1,0,0
0,1,0,0,0,0
0,0,0,1,0,0
0,0,0,1,0,0
0,0,0,1,0,0
0,0,0,1,0,0
0,1,0,0,0,0
0,1,0,0,0,0
0,1,0,0,0,0
0,0,0,1,0,0
0,1,0,0,0,0
0,1,0,0,0,0
0,0,0,1,0,0
0,1,0,0,0,0
0,0,0,1,0,0
0,1,0,0,0,0
0,1,0,0,0,0
0,1,0,0,0,0
0,1,0,0,0,0
0,0,0,1,0,0
0,1,0,0,0,0
0,1,0,0,0,0
0,0,0,1,0,0
0,1,0,0,0,0
0,0,0,1,0,0
0,0,0,0,0,1
0,1,0,0,0,0
0,0,0,0,0,1
0,0,0,1,0,0
0,1,0,0,0,0
0,1,0,0,0,0
0,1,0,0,0,0
0,0,0,1,0,0
0,0,0,1,0,0
0,1,0,0,0,0
0,1,0,0,0,0
0,1,0,0,0,0
0,0,1,0,0,0
0,1,0,0,0,0
0,0,0,1,0,0
0,0,0,1,0,0
0,1,0,0,0,0
0,0,0,1,0,0
0,1,0,0,0,0
0,1,0,0,0,0
0,1,0,0,0,0
0,1,0,0,0,0
0,0,0,1,0,0
0,1,0,0,0,0
0,1,0,0,0,0
0,0,0,0,0,1
0,1,0,0,0,0
0,1,0,0,0,0
0,1,0,0,0,0
0,1,0,0,0,0
0,1,0,0,0,0
0,1,0,0,0,0
0,0,0,1,0,0
0,0,0,1,0,0
0,0,0,0,0,1
0,0,0,1,0,0
0,0,0,1,0,0
0,1,0,0,0,0
0,1,0,0,0,0
0,0,0,1,0,0
0,0,0,1,0,0
0,0,0,1,0,0
0,0,0,1,0,0
0,1,0,0,0,0
0,0,0,1,0,0
0,1,0,0,0,0
0,0,0,1,0,0
0,1,0,0,0,0
0,0,0,1,0,0
0,0,0,1,0,0
0,1,0,0,0,0
0,1,0,0,0,0
0,0,0,0,0,1
0,1,0,0,0,0
0,0,0,1,0,0
0,1,0,0,0,0
0,0,0,1,0,0
0,0,0,1,0,0
0,0,0,1,0,0
0,0,0,1,0,0
0,0,0,1,0,0
0,0,0,1,0,0
0,1,0,0,0,0
0,0,0,1,0,0
0,0,0,0,0,1
0,1,0,0,0,0
0,0,0,1,0,0
0,0,0,1,0,0
0,1,0,0,0,0
0,1,0,0,0,0
0,0,0,1,0,0
0,1,0,0,0,0
0,1,0,0,0,0
0,0,0,1,0,0
0,0,0,1,0,0
0,0,0,1,0,0
0,1,0,0,0,0
0,1,0,0,0,0
0,0,0,1,0,0
0,0,0,1,0,0
0,0,0,1,0,0
0,1,0,0,0,0
0,1,0,0,0,0
0,0,0,1,0,0
0,0,0,1,0,0
0,1,0,0,0,0
0,0,0,1,0,0
0,0,0,1,0,0
0,0,0,1,0,0
0,1,0,0,0,0
0,0,0,1,0,0
0,1,0,0,0,0
0,0,0,1,0,0
0,0,0,1,0,0
0,0,0,1,0,0
0,0,0,1,0,0
0,0,0,1,0,0
0,0,0,1,0,0
0,0,0,1,0,0
0,1,0,0,0,0
0,1,0,0,0,0
0,0,0,1,0,0
0,1,0,0,0,0
0,1,0,0,0,0
0,0,0,1,0,0
0,1,0,0,0,0
0,1,0,0,0,0
0,0,0,0,0,1
0,1,0,0,0,0
0,1,0,0,0,0
0,0,0,1,0,0
0,1,0,0,0,0
0,1,0,0,0,0
0,0,0,1,0,0
0,0,0,0,0,1
0,0,0,1,0,0
0,1,0,0,0,0
0,0,0,1,0,0
0,0,0,1,0,0
0,0,0,1,0,0
0,0,0,1,0,0
0,1,0,0,0,0
0,1,0,0,0,0
0,1,0,0,0,0
0,0,0,1,0,0
0,0,0,1,0,0
0,1,0,0,0,0
0,1,0,0,0,0
0,1,0,0,0,0
0,1,0,0,0,0
0,0,0,1,0,0
0,1,0,0,0,0
0,1,0,0,0,0
0,0,0,1,0,0
0,0,0,1,0,0
0,1,0,0,0,0
0,1,0,0,0,0
0,1,0,0,0,0
0,1,0,0,0,0
0,1,0,0,0,0
0,1,0,0,0,0
0,1,0,0,0,0
0,0,0,1,0,0
0,1,0,0,0,0
0,1,0,0,0,0
0,0,0,1,0,0
0,1,0,0,0,0
0,1,0,0,0,0
0,1,0,0,0,0
0,1,0,0,0,0
0,0,0,1,0,0
0,0,0,0,0,1
0,1,0,0,0,0
0,1,0,0,0,0
0,1,0,0,0,0
0,0,0,1,0,0
0,1,0,0,0,0
0,1,0,0,0,0
0,0,0,1,0,0
0,1,0,0,0,0
0,1,0,0,0,0
0,0,0,1,0,0
0,1,0,0,0,0
0,1,0,0,0,0
0,1,0,0,0,0
0,1,0,0,0,0
0,1,0,0,0,0
0,0,0,1,0,0
0,1,0,0,0,0
0,0,0,1,0,0
0,1,0,0,0,0
0,1,0,0,0,0
0,0,0,1,0,0
0,1,0,0,0,0
0,0,0,1,0,0
0,1,0,0,0,0
0,0,0,0,0,1
0,1,0,0,0,0
0,0,0,1,0,0
0,1,0,0,0,0
0,1,0,0,0,0
0,1,0,0,0,0
0,0,0,0,0,1
0,0,0,0,0,1
0,0,0,1,0,0
0,1,0,0,0,0
0,0,0,1,0,0
0,0,0,1,0,0
0,0,0,1,0,0
0,1,0,0,0,0
0,1,0,0,0,0
0,0,0,0,0,1
0,1,0,0,0,0
0,0,0,1,0,0
0,0,0,1,0,0
0,1,0,0,0,0
0,0,0,1,0,0
0,1,0,0,0,0
0,1,0,0,0,0
0,1,0,0,0,0
0,1,0,0,0,0
0,0,0,1,0,0
0,1,0,0,0,0
0,1,0,0,0,0
0,1,0,0,0,0
0,1,0,0,0,0
0,0,0,1,0,0
0,1,0,0,0,0
0,0,0,0,0,1
0,0,0,1,0,0
0,0,0,1,0,0
0,1,0,0,0,0
0,0,0,0,0,1
0,1,0,0,0,0
0,1,0,0,0,0
0,0,0,1,0,0
0,0,0,1,0,0
0,0,0,1,0,0
0,0,0,1,0,0
0,1,0,0,0,0
0,1,0,0,0,0
0,0,0,1,0,0
0,0,0,0,0,1
0,1,0,0,0,0
0,1,0,0,0,0
0,1,0,0,0,0
0,1,0,0,0,0
0,1,0,0,0,0
0,1,0,0,0,0
0,0,0,1,0,0
0,0,0,1,0,0
0,1,0,0,0,0
0,1,0,0,0,0
0,0,0,1,0,0
0,1,0,0,0,0
0,0,0,1,0,0
0,1,0,0,0,0
0,0,0,0,0,1
0,1,0,0,0,0
0,1,0,0,0,0
0,1,0,0,0,0
0,1,0,0,0,0
0,1,0,0,0,0
0,0,0,0,0,1
0,1,0,0,0,0
0,0,0,1,0,0
0,0,0,1,0,0
0,1,0,0,0,0
0,1,0,0,0,0
0,1,0,0,0,0
0,1,0,0,0,0
0,1,0,0,0,0
0,0,0,1,0,0
0,0,0,1,0,0
0,1,0,0,0,0
0,1,0,0,0,0
0,1,0,0,0,0
0,1,0,0,0,0
0,0,0,1,0,0
0,0,0,1,0,0
0,0,0,1,0,0
0,0,0,1,0,0
0,0,0,1,0,0
0,0,0,1,0,0
0,1,0,0,0,0
0,1,0,0,0,0
0,1,0,0,0,0
0,0,0,1,0,0
0,1,0,0,0,0
0,0,0,1,0,0
0,0,0,1,0,0
0,0,0,1,0,0
0,1,0,0,0,0
0,1,0,0,0,0
0,1,0,0,0,0
0,1,0,0,0,0
0,0,0,1,0,0
0,0,0,1,0,0
0,0,0,1,0,0
0,1,0,0,0,0
0,0,0,1,0,0
0,1,0,0,0,0
0,1,0,0,0,0
0,1,0,0,0,0
0,0,0,1,0,0
0,0,0,1,0,0
0,0,0,1,0,0
0,1,0,0,0,0
0,1,0,0,0,0
0,0,0,1,0,0
0,1,0,0,0,0
0,1,0,0,0,0
0,1,0,0,0,0
0,1,0,0,0,0
0,1,0,0,0,0
0,1,0,0,0,0
0,1,0,0,0,0
0,1,0,0,0,0
0,1,0,0,0,0
0,1,0,0,0,0
0,0,0,1,0,0
0,0,0,1,0,0
0,1,0,0,0,0
0,1,0,0,0,0
0,0,0,1,0,0
0,1,0,0,0,0
0,1,0,0,0,0
0,1,0,0,0,0
0,0,0,1,0,0
0,1,0,0,0,0
0,0,0,1,0,0
0,0,0,1,0,0
0,1,0,0,0,0
0,1,0,0,0,0
0,0,0,1,0,0
0,1,0,0,0,0
0,0,0,1,0,0
0,0,0,0,0,1
0,0,0,0,0,1
0,0,0,1,0,0
0,1,0,0,0,0
0,1,0,0,0,0
0,0,0,0,0,1
0,0,0,1,0,0
0,1,0,0,0,0
0,1,0,0,0,0
0,1,0,0,0,0
0,1,0,0,0,0
0,0,0,1,0,0
0,1,0,0,0,0
0,0,0,0,0,1
0,1,0,0,0,0
0,0,0,1,0,0
0,1,0,0,0,0
0,0,0,1,0,0
0,1,0,0,0,0
0,0,0,1,0,0
0,0,0,1,0,0
0,1,0,0,0,0
0,0,0,1,0,0
0,1,0,0,0,0
0,1,0,0,0,0
0,1,0,0,0,0
0,0,0,1,0,0
0,1,0,0,0,0
0,0,0,1,0,0
0,1,0,0,0,0
0,1,0,0,0,0
0,1,0,0,0,0
0,1,0,0,0,0
0,1,0,0,0,0
0,1,0,0,0,0
0,1,0,0,0,0
0,1,0,0,0,0
0,1,0,0,0,0
0,1,0,0,0,0
0,0,0,1,0,0
0,0,0,1,0,0
0,0,0,1,0,0
0,0,0,0,0,1
0,1,0,0,0,0
0,1,0,0,0,0
0,1,0,0,0,0
0,1,0,0,0,0
0,0,0,1,0,0
0,0,0,1,0,0
0,0,0,1,0,0
0,1,0,0,0,0
0,1,0,0,0,0
0,1,0,0,0,0
0,0,0,1,0,0
0,0,0,1,0,0
0,0,0,1,0,0
0,1,0,0,0,0
0,1,0,0,0,0
0,0,0,1,0,0
0,1,0,0,0,0
0,0,0,0,0,1
0,1,0,0,0,0
0,0,0,1,0,0
0,1,0,0,0,0
0,0,0,1,0,0
0,1,0,0,0,0
0,1,0,0,0,0
0,1,0,0,0,0
0,0,0,1,0,0
0,0,0,1,0,0
0,0,0,1,0,0
0,1,0,0,0,0
0,0,0,1,0,0
0,1,0,0,0,0
0,1,0,0,0,0
0,1,0,0,0,0
0,1,0,0,0,0
0,0,0,1,0,0
0,1,0,0,0,0
0,1,0,0,0,0
0,1,0,0,0,0
0,1,0,0,0,0
0,0,0,1,0,0
0,0,0,1,0,0
0,1,0,0,0,0
0,1,0,0,0,0
0,1,0,0,0,0
0,0,0,1,0,0
0,1,0,0,0,0
0,1,0,0,0,0
0,0,0,1,0,0
0,0,0,1,0,0
0,0,0,1,0,0
0,0,0,1,0,0
0,1,0,0,0,0
0,0,0,1,0,0
0,1,0,0,0,0
0,1,0,0,0,0
0,1,0,0,0,0
0,1,0,0,0,0
0,1,0,0,0,0
0,1,0,0,0,0
0,0,0,1,0,0
0,1,0,0,0,0
0,1,0,0,0,0
0,0,0,1,0,0
0,1,0,0,0,0
0,1,0,0,0,0
0,0,0,1,0,0
0,0,0,1,0,0
0,1,0,0,0,0
0,0,0,1,0,0
0,0,0,1,0,0
0,1,0,0,0,0
0,0,0,1,0,0
0,1,0,0,0,0
0,0,0,0,0,1
0,1,0,0,0,0
0,0,0,1,0,0
0,0,0,1,0,0
0,1,0,0,0,0
0,1,0,0,0,0
0,1,0,0,0,0
0,1,0,0,0,0
0,0,0,1,0,0
0,1,0,0,0,0
0,0,0,0,0,1
0,0,0,1,0,0
0,0,0,1,0,0
0,1,0,0,0,0
0,0,0,1,0,0
0,1,0,0,0,0
0,1,0,0,0,0
0,1,0,0,0,0
0,0,0,1,0,0
0,0,0,1,0,0
0,1,0,0,0,0
0,0,0,1,0,0
0,1,0,0,0,0
0,0,0,1,0,0
0,1,0,0,0,0
0,1,0,0,0,0
0,1,0,0,0,0
0,1,0,0,0,0
0,0,0,1,0,0
0,1,0,0,0,0
0,1,0,0,0,0
0,1,0,0,0,0
0,1,0,0,0,0
0,0,0,1,0,0
0,0,0,0,0,1
0,0,0,0,0,1
0,0,0,1,0,0
0,0,0,1,0,0
0,1,0,0,0,0
0,0,0,1,0,0
0,1,0,0,0,0
0,1,0,0,0,0
0,1,0,0,0,0
0,0,0,1,0,0
0,0,0,1,0,0
0,1,0,0,0,0
0,1,0,0,0,0
0,1,0,0,0,0
0,1,0,0,0,0
0,1,0,0,0,0
0,1,0,0,0,0
0,0,0,1,0,0
0,1,0,0,0,0
0,0,0,1,0,0
0,1,0,0,0,0
0,0,0,1,0,0
0,1,0,0,0,0
0,1,0,0,0,0
0,1,0,0,0,0
0,0,0,1,0,0
0,1,0,0,0,0
0,1,0,0,0,0
0,1,0,0,0,0
0,1,0,0,0,0
0,0,0,1,0,0
0,0,0,1,0,0
0,1,0,0,0,0
0,0,0,1,0,0
0,1,0,0,0,0
0,0,0,0,0,1
0,0,0,1,0,0
0,0,0,1,0,0
0,1,0,0,0,0
0,0,0,1,0,0
0,0,0,1,0,0
0,1,0,0,0,0
0,0,0,1,0,0
0,0,0,0,0,1
0,1,0,0,0,0
0,0,0,1,0,0
0,1,0,0,0,0
0,0,0,1,0,0
0,0,0,1,0,0
0,0,0,1,0,0
0,1,0,0,0,0
0,0,0,0,0,1
0,0,0,1,0,0
0,0,0,1,0,0
0,0,0,1,0,0
0,1,0,0,0,0
0,1,0,0,0,0
0,1,0,0,0,0
0,0,0,1,0,0
0,1,0,0,0,0
0,0,0,1,0,0
0,0,0,1,0,0
0,0,0,0,0,1
0,0,0,1,0,0
0,1,0,0,0,0
0,0,0,1,0,0
0,0,0,1,0,0
0,1,0,0,0,0
0,1,0,0,0,0
0,1,0,0,0,0
0,0,0,1,0,0
0,0,0,1,0,0
0,0,0,0,0,1
0,0,0,1,0,0
0,0,0,1,0,0
0,0,0,1,0,0
0,0,0,1,0,0
0,1,0,0,0,0
0,0,0,1,0,0
0,0,0,0,0,1
0,1,0,0,0,0
0,1,0,0,0,0
0,1,0,0,0,0
0,0,0,1,0,0
0,1,0,0,0,0
0,0,0,1,0,0
0,0,0,0,0,1
0,1,0,0,0,0
0,1,0,0,0,0
0,1,0,0,0,0
0,0,0,1,0,0
0,0,0,1,0,0
0,0,0,1,0,0
0,0,0,1,0,0
0,0,0,1,0,0
0,1,0,0,0,0
0,1,0,0,0,0
0,1,0,0,0,0
0,1,0,0,0,0
0,0,0,1,0,0
0,0,0,1,0,0
0,1,0,0,0,0
0,1,0,0,0,0
0,1,0,0,0,0
0,0,0,1,0,0
0,0,0,1,0,0
0,0,0,0,0,1
0,0,0,0,0,1
0,0,0,1,0,0
0,1,0,0,0,0
0,1,0,0,0,0
0,0,0,1,0,0
0,0,0,1,0,0
0,0,0,0,0,1
0,0,0,1,0,0
0,0,0,1,0,0
0,0,0,1,0,0
0,0,0,1,0,0
0,1,0,0,0,0
0,1,0,0,0,0
0,1,0,0,0,0
0,0,0,1,0,0
0,1,0,0,0,0
0,0,0,1,0,0
0,0,0,1,0,0
0,1,0,0,0,0
0,0,0,1,0,0
0,1,0,0,0,0
0,1,0,0,0,0
0,0,0,1,0,0
0,0,0,1,0,0
0,1,0,0,0,0
0,0,0,1,0,0
0,0,0,1,0,0
0,1,0,0,0,0
0,1,0,0,0,0
0,1,0,0,0,0
0,1,0,0,0,0
0,0,0,1,0,0
0,0,0,1,0,0
0,1,0,0,0,0
0,0,0,1,0,0
0,0,0,0,0,1
0,0,0,1,0,0
0,1,0,0,0,0
0,1,0,0,0,0
0,0,0,0,0,1
0,0,0,0,0,1
0,1,0,0,0,0
0,1,0,0,0,0
0,0,0,1,0,0
0,1,0,0,0,0
0,1,0,0,0,0
0,1,0,0,0,0
0,1,0,0,0,0
0,0,0,0,0,1
0,1,0,0,0,0
0,0,0,1,0,0
0,1,0,0,0,0
0,0,0,1,0,0
0,0,0,1,0,0
0,1,0,0,0,0
0,1,0,0,0,0
0,0,0,1,0,0
0,1,0,0,0,0
0,1,0,0,0,0
0,0,0,1,0,0
0,1,0,0,0,0
0,1,0,0,0,0
0,1,0,0,0,0
0,1,0,0,0,0
0,0,0,1,0,0
0,0,0,0,0,1
0,0,0,1,0,0
0,0,0,0,0,1
0,1,0,0,0,0
0,1,0,0,0,0
0,0,0,1,0,0
0,0,0,1,0,0
0,1,0,0,0,0
0,0,0,1,0,0
0,1,0,0,0,0
0,1,0,0,0,0
0,0,0,1,0,0
0,0,0,1,0,0
0,0,0,1,0,0
0,1,0,0,0,0
0,1,0,0,0,0
0,0,0,1,0,0
0,0,0,1,0,0
0,1,0,0,0,0
0,1,0,0,0,0
0,0,0,1,0,0
0,0,0,1,0,0
0,0,0,0,0,1
0,1,0,0,0,0
0,1,0,0,0,0
0,1,0,0,0,0
0,1,0,0,0,0
0,1,0,0,0,0
0,1,0,0,0,0
0,1,0,0,0,0
0,0,0,1,0,0
0,0,0,1,0,0
0,1,0,0,0,0
0,0,0,1,0,0
0,1,0,0,0,0
0,1,0,0,0,0
0,0,0,1,0,0
0,0,0,0,0,1
0,0,0,1,0,0
0,0,0,1,0,0
0,0,0,0,0,1
0,0,0,1,0,0
0,1,0,0,0,0
0,0,0,1,0,0
0,1,0,0,0,0
0,1,0,0,0,0
0,1,0,0,0,0
0,0,0,1,0,0
0,1,0,0,0,0
0,1,0,0,0,0
0,0,0,0,0,1
0,0,0,1,0,0
0,1,0,0,0,0
0,0,0,1,0,0
0,1,0,0,0,0
0,1,0,0,0,0
0,1,0,0,0,0
0,1,0,0,0,0
0,0,0,1,0,0
0,1,0,0,0,0
0,1,0,0,0,0
0,1,0,0,0,0
0,1,0,0,0,0
0,0,0,1,0,0
0,0,0,1,0,0
0,0,0,1,0,0
0,1,0,0,0,0
0,0,0,1,0,0
0,0,0,1,0,0
0,0,0,1,0,0
0,1,0,0,0,0
0,1,0,0,0,0
0,1,0,0,0,0
0,1,0,0,0,0
0,0,0,1,0,0
0,0,0,1,0,0
0,0,0,1,0,0
0,1,0,0,0,0
0,0,0,1,0,0
0,0,0,1,0,0
0,1,0,0,0,0
0,1,0,0,0,0
0,0,0,1,0,0
0,1,0,0,0,0
0,1,0,0,0,0
0,0,0,1,0,0
0,1,0,0,0,0
0,0,0,1,0,0
0,1,0,0,0,0
0,1,0,0,0,0
0,0,0,1,0,0
0,0,0,1,0,0
0,1,0,0,0,0
0,1,0,0,0,0
0,0,0,1,0,0
0,0,0,1,0,0
0,1,0,0,0,0
0,1,0,0,0,0
0,0,0,1,0,0
0,0,0,1,0,0
0,0,0,1,0,0
0,0,0,0,0,1
0,0,0,1,0,0
0,0,0,1,0,0
0,0,0,1,0,0
0,1,0,0,0,0
0,0,0,1,0,0
0,0,0,1,0,0
0,1,0,0,0,0
0,1,0,0,0,0
0,1,0,0,0,0
0,0,0,1,0,0
0,1,0,0,0,0
0,0,0,1,0,0
0,1,0,0,0,0
0,0,0,1,0,0
0,0,0,1,0,0
0,0,0,0,0,1
0,1,0,0,0,0
0,1,0,0,0,0
0,1,0,0,0,0
0,1,0,0,0,0
0,1,0,0,0,0
0,0,0,1,0,0
0,1,0,0,0,0
0,0,0,1,0,0
0,0,0,1,0,0
0,0,0,1,0,0
0,1,0,0,0,0
0,1,0,0,0,0
0,0,0,1,0,0
0,1,0,0,0,0
0,0,0,1,0,0
0,1,0,0,0,0
0,0,0,1,0,0
0,1,0,0,0,0
0,0,0,1,0,0
0,1,0,0,0,0
0,1,0,0,0,0
0,1,0,0,0,0
0,0,0,1,0,0
0,1,0,0,0,0
0,1,0,0,0,0
0,1,0,0,0,0
0,1,0,0,0,0
0,1,0,0,0,0
0,1,0,0,0,0
0,1,0,0,0,0
0,0,0,1,0,0
0,0,0,1,0,0
0,0,0,1,0,0
0,0,0,1,0,0
0,0,0,1,0,0
0,0,0,1,0,0
0,0,0,1,0,0
0,0,0,1,0,0
0,1,0,0,0,0
0,1,0,0,0,0
0,0,0,0,0,1
0,0,0,1,0,0
0,1,0,0,0,0
0,1,0,0,0,0
0,1,0,0,0,0
0,1,0,0,0,0
0,1,0,0,0,0
0,0,0,1,0,0
0,1,0,0,0,0
0,0,0,1,0,0
0,1,0,0,0,0
0,0,0,1,0,0
0,1,0,0,0,0
0,0,0,1,0,0
0,0,0,1,0,0
0,1,0,0,0,0
0,1,0,0,0,0
0,1,0,0,0,0
0,1,0,0,0,0
0,1,0,0,0,0
0,1,0,0,0,0
0,0,0,1,0,0
0,0,0,0,0,1
0,0,0,0,0,1
0,1,0,0,0,0
0,0,0,1,0,0
0,1,0,0,0,0
0,1,0,0,0,0
0,1,0,0,0,0
0,0,0,1,0,0
0,1,0,0,0,0
0,1,0,0,0,0
0,1,0,0,0,0
0,1,0,0,0,0
0,0,0,0,0,1
0,1,0,0,0,0
0,1,0,0,0,0
0,0,0,1,0,0
0,1,0,0,0,0
0,0,0,1,0,0
0,0,0,0,0,1
0,0,0,1,0,0
0,0,0,1,0,0
0,1,0,0,0,0
0,0,0,0,0,1
0,0,0,1,0,0
0,0,0,1,0,0
0,1,0,0,0,0
0,1,0,0,0,0
0,0,0,0,0,1
0,1,0,0,0,0
0,1,0,0,0,0
0,0,0,1,0,0
0,0,0,1,0,0
0,1,0,0,0,0
0,1,0,0,0,0
0,0,0,1,0,0
0,1,0,0,0,0
0,0,0,0,0,1
0,1,0,0,0,0
0,1,0,0,0,0
0,1,0,0,0,0
0,1,0,0,0,0
0,1,0,0,0,0
0,1,0,0,0,0
0,0,0,1,0,0
0,0,0,1,0,0
0,0,0,1,0,0
0,0,0,1,0,0
0,1,0,0,0,0
0,1,0,0,0,0
0,1,0,0,0,0
0,1,0,0,0,0
0,1,0,0,0,0
0,0,0,1,0,0
0,0,0,1,0,0
0,1,0,0,0,0
0,0,0,0,0,1
0,0,0,1,0,0
0,0,0,1,0,0
0,1,0,0,0,0
0,0,0,1,0,0
0,1,0,0,0,0
0,1,0,0,0,0
0,1,0,0,0,0
0,1,0,0,0,0
0,0,0,1,0,0
0,1,0,0,0,0
0,1,0,0,0,0
0,0,0,1,0,0
0,0,0,1,0,0
0,0,0,1,0,0
0,1,0,0,0,0
0,0,0,0,0,1
0,1,0,0,0,0
0,0,0,1,0,0
0,1,0,0,0,0
0,1,0,0,0,0
0,1,0,0,0,0
0,1,0,0,0,0
0,0,0,1,0,0
0,1,0,0,0,0
0,1,0,0,0,0
0,1,0,0,0,0
0,1,0,0,0,0
0,1,0,0,0,0
0,1,0,0,0,0
0,0,0,1,0,0
0,1,0,0,0,0
0,1,0,0,0,0
0,1,0,0,0,0
0,0,0,1,0,0
0,0,0,1,0,0
0,0,0,1,0,0
0,1,0,0,0,0
0,0,0,1,0,0
0,0,0,1,0,0
0,0,0,1,0,0
0,0,0,1,0,0
0,0,0,0,0,1
0,1,0,0,0,0
0,1,0,0,0,0
0,1,0,0,0,0
0,1,0,0,0,0
0,1,0,0,0,0
0,0,0,1,0,0
0,1,0,0,0,0
0,0,0,1,0,0
0,1,0,0,0,0
0,1,0,0,0,0
0,0,0,0,0,1
0,0,0,1,0,0
0,0,0,1,0,0
0,0,0,1,0,0
0,0,0,0,0,1
0,0,0,1,0,0
0,1,0,0,0,0
0,0,0,1,0,0
0,1,0,0,0,0
0,1,0,0,0,0
0,0,0,1,0,0
0,1,0,0,0,0
0,0,0,0,0,1
0,1,0,0,0,0
0,0,0,1,0,0
0,0,0,0,0,1
0,0,0,1,0,0
0,0,0,1,0,0
0,0,0,1,0,0
0,1,0,0,0,0
0,0,0,1,0,0
0,1,0,0,0,0
0,0,0,1,0,0
0,0,0,1,0,0
0,1,0,0,0,0
0,0,0,0,0,1
0,1,0,0,0,0
0,1,0,0,0,0
0,1,0,0,0,0
